t,exercise,source,raw,smoothed,confidence,face_x,face_y,face_w,face_h,face_conf,face_area,orientation,pose_nose_y,pose_shoulder_y,pose_hip_y,pose_conf,event,phase,armed,rep_count,state
0.0000,pushUp,face,0.049453,0.050509,0.907865,0.511427,0.618105,0.296507,0.166785,0.907865,0.049453,7,,,,,,rest,1,1,debug
0.0333,pushUp,face,0.055565,0.052026,0.902200,0.503399,0.611700,0.314296,0.176792,0.902200,0.055565,7,,,,,,rest,1,1,debug
0.0667,pushUp,face,0.055166,0.052968,0.889939,0.503707,0.610675,0.313166,0.176156,0.889939,0.055166,7,,,,,,rest,1,1,debug
0.1000,pushUp,face,0.048178,0.051531,0.890488,0.510388,0.619022,0.292661,0.164622,0.890488,0.048178,7,,,,,,rest,1,1,debug
0.1333,pushUp,face,0.049835,0.051022,0.897316,0.506944,0.615271,0.297651,0.167429,0.897316,0.049835,7,,,,,,rest,1,1,debug
0.1667,pushUp,face,0.046914,0.049790,0.908134,0.510187,0.616505,0.288795,0.162447,0.908134,0.046914,7,,,,,,rest,1,1,debug
0.2000,pushUp,face,0.052058,0.050470,0.905441,0.503884,0.610029,0.304218,0.171122,0.905441,0.052058,7,,,,,,rest,1,1,debug
0.2333,pushUp,face,0.046344,0.049233,0.903011,0.511796,0.616731,0.287035,0.161457,0.903011,0.046344,7,,,,,,rest,1,1,debug
0.2667,pushUp,face,0.051338,0.049864,0.907327,0.504332,0.611424,0.302104,0.169934,0.907327,0.051338,7,,,,,,rest,1,1,debug
0.3000,pushUp,face,0.045817,0.048650,0.905172,0.512328,0.614709,0.285400,0.160537,0.905172,0.045817,7,,,,,,rest,1,1,debug
0.3333,pushUp,face,0.050055,0.049071,0.886366,0.501759,0.607104,0.298306,0.167797,0.886366,0.050055,7,,,,,,rest,1,1,debug
0.3667,pushUp,face,0.050945,0.049633,0.899218,0.498316,0.608729,0.300945,0.169282,0.899218,0.050945,7,,,,,,rest,1,1,debug
0.4000,pushUp,face,0.048941,0.049426,0.909745,0.499786,0.609614,0.294968,0.165919,0.909745,0.048941,7,,,,,,rest,1,1,debug
0.4334,pushUp,face,0.048052,0.049014,0.905441,0.497445,0.610956,0.292278,0.164406,0.905441,0.048052,7,,,,,,rest,1,1,debug
0.4667,pushUp,face,0.049396,0.049128,0.885815,0.483117,0.605636,0.296335,0.166688,0.885815,0.049396,7,,,,,,rest,1,1,debug
0.5000,pushUp,face,0.047878,0.048753,0.913495,0.471528,0.605487,0.291748,0.164108,0.913495,0.047878,7,,,,,,rest,1,1,debug
0.5334,pushUp,face,0.049034,0.048838,0.900575,0.456717,0.603076,0.295249,0.166078,0.900575,0.049034,7,,,,,,rest,1,1,debug
0.5667,pushUp,face,0.048894,0.048854,0.900033,0.449883,0.604739,0.294825,0.165839,0.900033,0.048894,7,,,,,,rest,1,1,debug
0.6000,pushUp,face,0.049819,0.049144,0.900846,0.431531,0.603091,0.297601,0.167400,0.900846,0.049819,7,,,,,,rest,1,1,debug
0.6334,pushUp,face,0.046420,0.048326,0.867434,0.415936,0.605605,0.287270,0.161590,0.867434,0.046420,7,,,,,,rest,1,1,debug
0.6667,pushUp,face,0.049106,0.048560,0.897860,0.406996,0.602299,0.295464,0.166198,0.897860,0.049106,7,,,,,,rest,1,1,debug
0.7000,pushUp,face,0.049596,0.048871,0.889391,0.398920,0.599643,0.296935,0.167026,0.889391,0.049596,7,,,,,,rest,1,1,debug
0.7334,pushUp,face,0.052759,0.050037,0.883331,0.386800,0.595762,0.306259,0.172271,0.883331,0.052759,7,,,,,,rest,1,1,debug
0.7667,pushUp,face,0.049909,0.049999,0.890762,0.389823,0.601452,0.297871,0.167553,0.890762,0.049909,7,,,,,,rest,1,1,debug
0.8000,pushUp,face,0.049936,0.049980,0.925179,0.382023,0.598695,0.297952,0.167598,0.925179,0.049936,7,,,,,,rest,1,1,debug
0.8334,pushUp,face,0.051625,0.050473,0.933062,0.377733,0.595412,0.302948,0.170408,0.933062,0.051625,7,,,,,,rest,1,1,debug
0.8667,pushUp,face,0.054624,0.051719,0.923859,0.370789,0.585997,0.311624,0.175288,0.923859,0.054624,7,,,,,,rest,1,1,debug
0.9000,pushUp,face,0.052225,0.051870,0.907327,0.372197,0.587988,0.304703,0.171396,0.907327,0.052225,7,,,,,,rest,1,1,debug
0.9334,pushUp,face,0.055536,0.052970,0.907865,0.373772,0.579316,0.314216,0.176746,0.907865,0.055536,7,,,,,,rest,1,1,debug
0.9667,pushUp,face,0.055705,0.053791,0.910282,0.376378,0.576092,0.314693,0.177015,0.910282,0.055705,7,,,,,,rest,1,1,debug
1.0000,pushUp,face,0.054033,0.053863,0.881948,0.381415,0.570909,0.309933,0.174337,0.881948,0.054033,7,,,,,,rest,1,1,debug
1.0334,pushUp,face,0.053360,0.053712,0.876394,0.386515,0.573893,0.307997,0.173249,0.876394,0.053360,7,,,,,,rest,1,1,debug
1.0667,pushUp,face,0.055067,0.054119,0.916963,0.388235,0.568872,0.312885,0.175998,0.916963,0.055067,7,,,,,,rest,1,1,debug
1.1001,pushUp,face,0.051633,0.053373,0.923066,0.399362,0.570034,0.302971,0.170421,0.923066,0.051633,7,,,,,,rest,1,1,debug
1.1334,pushUp,face,0.055113,0.053895,0.908671,0.391394,0.559415,0.313014,0.176070,0.908671,0.055113,7,,,,,,rest,1,1,debug
1.1667,pushUp,face,0.057717,0.055042,0.905172,0.387417,0.552847,0.320326,0.180183,0.905172,0.057717,7,,,,,,rest,1,1,debug
1.2001,pushUp,face,0.055505,0.055181,0.918027,0.395901,0.552140,0.314125,0.176696,0.918027,0.055505,7,,,,,,rest,1,1,debug
1.2334,pushUp,face,0.057558,0.055894,0.921213,0.391710,0.550872,0.319882,0.179934,0.921213,0.057558,7,,,,,,rest,1,1,debug
1.2667,pushUp,face,0.057761,0.056454,0.916963,0.394339,0.546844,0.320447,0.180251,0.916963,0.057761,7,,,,,,rest,1,1,debug
1.3001,pushUp,face,0.051932,0.055097,0.907596,0.399232,0.551436,0.303848,0.170915,0.907596,0.051932,7,,,,,,rest,1,1,debug
1.3334,pushUp,face,0.058050,0.055983,0.896227,0.396195,0.542520,0.321247,0.180701,0.896227,0.058050,7,,,,,,rest,1,1,debug
1.3667,pushUp,face,0.055920,0.055964,0.903282,0.394368,0.541439,0.315300,0.177356,0.903282,0.055920,7,,,,,,rest,1,1,debug
1.4001,pushUp,face,0.056451,0.056110,0.904902,0.396954,0.546698,0.316793,0.178196,0.904902,0.056451,7,,,,,,rest,1,1,debug
1.4334,pushUp,face,0.058189,0.056734,0.917229,0.392924,0.547400,0.321632,0.180918,0.917229,0.058189,7,,,,,,rest,1,1,debug
1.4667,pushUp,face,0.055142,0.056256,0.914563,0.395184,0.551976,0.313098,0.176117,0.914563,0.055142,7,,,,,,rest,1,1,debug
1.5001,pushUp,face,0.057720,0.056695,0.919621,0.391380,0.547389,0.320333,0.180188,0.919621,0.057720,7,,,,,,rest,1,1,debug
1.5334,pushUp,face,0.058559,0.057254,0.919621,0.388612,0.549674,0.322652,0.181492,0.919621,0.058559,7,,,,,,rest,1,1,debug
1.5667,pushUp,face,0.056844,0.057131,0.920948,0.391599,0.550643,0.317892,0.178814,0.920948,0.056844,7,,,,,,rest,1,1,debug
1.6001,pushUp,face,0.055225,0.056559,0.920152,0.395411,0.554525,0.313333,0.176250,0.920152,0.055225,7,,,,,,rest,1,1,debug
1.6334,pushUp,face,0.056401,0.056512,0.920417,0.391869,0.552173,0.316653,0.178117,0.920417,0.056401,7,,,,,,rest,1,1,debug
1.6667,pushUp,face,0.054049,0.055773,0.914830,0.393894,0.557232,0.309978,0.174363,0.914830,0.054049,7,,,,,,rest,1,1,debug
1.7001,pushUp,face,0.055320,0.055637,0.912157,0.388675,0.551465,0.313602,0.176401,0.912157,0.055320,7,,,,,,rest,1,1,debug
1.7334,pushUp,face,0.060240,0.057018,0.894864,0.382048,0.540004,0.327251,0.184079,0.894864,0.060240,7,,,,,,rest,1,1,debug
1.7667,pushUp,face,0.056034,0.056723,0.893499,0.391714,0.545138,0.315621,0.177537,0.893499,0.056034,7,,,,,,rest,1,1,debug
1.8001,pushUp,face,0.053708,0.055818,0.914296,0.391949,0.545890,0.309000,0.173812,0.914296,0.053708,7,,,,,,rest,1,1,debug
1.8334,pushUp,face,0.058911,0.056746,0.929917,0.390071,0.535643,0.323622,0.182038,0.929917,0.058911,7,,,,,,rest,1,1,debug
1.8668,pushUp,face,0.059594,0.057600,0.920682,0.389342,0.530961,0.325491,0.183088,0.920682,0.059594,7,,,,,,rest,1,1,debug
1.9001,pushUp,face,0.058834,0.057970,0.896499,0.390683,0.529404,0.323409,0.181917,0.896499,0.058834,7,,,,,,rest,1,1,debug
1.9334,pushUp,face,0.060472,0.058721,0.920152,0.388038,0.521605,0.327880,0.184433,0.920152,0.060472,7,,,,,,rest,1,1,debug
1.9668,pushUp,face,0.060497,0.059254,0.926234,0.387897,0.516938,0.327948,0.184471,0.926234,0.060497,7,,,,,,rest,1,1,debug
2.0001,pushUp,face,0.057146,0.058621,0.895137,0.398205,0.516513,0.318735,0.179289,0.895137,0.057146,7,,,,,,rest,1,1,debug
2.0334,pushUp,face,0.059913,0.059009,0.912425,0.390662,0.509256,0.326362,0.183579,0.912425,0.059913,7,,,,,,rest,1,1,debug
2.0668,pushUp,face,0.061426,0.059734,0.929655,0.385021,0.506330,0.330458,0.185883,0.929655,0.061426,7,,,,,,rest,1,1,debug
2.1001,pushUp,face,0.061892,0.060381,0.904362,0.384830,0.498372,0.331707,0.186585,0.904362,0.061892,7,,,,,,rest,1,1,debug
2.1334,pushUp,face,0.060738,0.060489,0.915630,0.388661,0.493725,0.328602,0.184839,0.915630,0.060738,7,,,,,,rest,1,1,debug
2.1668,pushUp,face,0.062807,0.061184,0.923859,0.384083,0.490211,0.334151,0.187960,0.923859,0.062807,7,,,,,,rest,1,1,debug
2.2001,pushUp,face,0.061764,0.061358,0.927551,0.384792,0.493645,0.331364,0.186392,0.927551,0.061764,7,,,,,,rest,1,1,debug
2.2334,pushUp,face,0.061878,0.061514,0.923066,0.385371,0.489378,0.331671,0.186565,0.923066,0.061878,7,,,,,,rest,1,1,debug
2.2668,pushUp,face,0.057220,0.060226,0.920417,0.390508,0.497359,0.318944,0.179406,0.920417,0.057220,7,,,,,,rest,1,1,debug
2.3001,pushUp,face,0.055056,0.058675,0.919621,0.392457,0.500372,0.312852,0.175979,0.919621,0.055056,7,,,,,,rest,1,1,debug
2.3334,pushUp,face,0.057674,0.058375,0.905441,0.391218,0.495103,0.320205,0.180115,0.905441,0.057674,7,,,,,,rest,1,1,debug
2.3668,pushUp,face,0.062478,0.059606,0.888017,0.388610,0.487973,0.333274,0.187467,0.888017,0.062478,7,,,,,,rest,1,1,debug
2.4001,pushUp,face,0.063343,0.060727,0.883607,0.388620,0.483065,0.335574,0.188760,0.883607,0.063343,7,,,,,,rest,1,1,debug
2.4334,pushUp,face,0.062566,0.061279,0.867997,0.384883,0.487420,0.333510,0.187599,0.867997,0.062566,7,,,,,,rest,1,1,debug
2.4668,pushUp,face,0.058868,0.060555,0.899761,0.386429,0.494450,0.323503,0.181971,0.899761,0.058868,7,,,,,,rest,1,1,debug
2.5001,pushUp,face,0.063187,0.061345,0.903552,0.386610,0.493805,0.335161,0.188528,0.903552,0.063187,7,,,,,,rest,1,1,debug
2.5335,pushUp,face,0.058337,0.060443,0.904902,0.388874,0.498093,0.322042,0.181148,0.904902,0.058337,7,,,,,,rest,1,1,debug
2.5668,pushUp,face,0.064851,0.061765,0.900033,0.384898,0.491889,0.339545,0.190994,0.900033,0.064851,7,,,,,,rest,1,1,debug
2.6001,pushUp,face,0.062025,0.061843,0.903282,0.392721,0.495709,0.332064,0.186786,0.903282,0.062025,7,,,,,,rest,1,1,debug
2.6335,pushUp,face,0.061322,0.061687,0.894318,0.391942,0.493991,0.330178,0.185725,0.894318,0.061322,7,,,,,,rest,1,1,debug
2.6668,pushUp,face,0.067060,0.063299,0.880563,0.387164,0.484154,0.345279,0.194219,0.880563,0.067060,7,,,,,,rest,1,1,debug
2.7001,pushUp,face,0.070137,0.065350,0.882501,0.384898,0.481377,0.353112,0.198626,0.882501,0.070137,7,,,,,,rest,1,1,debug
2.7335,pushUp,face,0.076246,0.068619,0.897316,0.383386,0.475417,0.368168,0.207095,0.897316,0.076246,7,,,,,,rest,1,1,debug
2.7668,pushUp,face,0.082540,0.072795,0.895954,0.372953,0.469460,0.383064,0.215474,0.895954,0.082540,7,,,,,,rest,1,1,debug
2.8001,pushUp,face,0.090236,0.078027,0.876394,0.362876,0.459152,0.400523,0.225294,0.876394,0.090236,7,,,,,,rest,1,1,debug
2.8335,pushUp,face,0.101886,0.085185,0.883054,0.352155,0.443157,0.425595,0.239397,0.883054,0.101886,7,,,,,,rest,1,1,debug
2.8668,pushUp,face,0.115144,0.094173,0.869682,0.335673,0.433536,0.452438,0.254496,0.869682,0.115144,7,,,,,,rest,1,1,debug
2.9001,pushUp,face,0.129622,0.104807,0.859233,0.320619,0.417814,0.480040,0.270023,0.859233,0.129622,7,,,,,,rest,1,1,debug
2.9335,pushUp,face,0.142061,0.115984,0.870524,0.307418,0.406709,0.502547,0.282683,0.870524,0.142061,7,,,,,,rest,1,1,debug
2.9668,pushUp,face,0.162974,0.130081,0.869963,0.292395,0.390812,0.538268,0.302776,0.869963,0.162974,7,,,,,,rest,1,1,debug
3.0001,pushUp,face,0.204445,0.152390,0.862070,0.260719,0.367933,0.602874,0.339117,0.862070,0.204445,7,,,,,,rest,1,1,debug
3.0335,pushUp,face,0.227513,0.174927,0.843750,0.235440,0.348605,0.635978,0.357737,0.843750,0.227513,7,,,,,,leaving,1,1,debug
3.0668,pushUp,face,0.255239,0.199021,0.832389,0.213748,0.340318,0.673616,0.378909,0.832389,0.255239,7,,,,,,leaving,1,1,debug
3.1001,pushUp,face,0.297349,0.228519,0.832682,0.189129,0.318069,0.727063,0.408973,0.832682,0.297349,7,,,,,,leaving,1,1,debug
3.1335,pushUp,face,0.340341,0.262066,0.784369,0.166033,0.297130,0.777850,0.437540,0.784369,0.340341,7,,,,,,leaving,1,1,debug
3.1668,pushUp,face,0.468765,0.324075,0.797028,0.097124,0.240563,0.912885,0.513498,0.797028,0.468765,7,,,,,,leaving,1,1,debug
3.2001,pushUp,face,0.534758,0.387280,0.802523,0.041220,0.202865,0.975029,0.548454,0.802523,0.534758,7,,,,,,peaked,1,1,debug
3.2335,pushUp,face,0.641430,0.463525,0.764827,-0.006425,0.156432,1.067858,0.600670,0.764827,0.641430,7,,,,,,peaked,1,1,debug
3.2668,pushUp,face,0.729495,0.543316,0.723827,-0.068784,0.152126,1.138806,0.640578,0.723827,0.729495,7,,,,,,peaked,1,1,debug
3.3002,pushUp,face,0.834840,0.630773,0.651396,-0.105331,0.131653,1.218261,0.685272,0.651396,0.834840,7,,,,,,peaked,1,1,debug
3.3335,pushUp,face,0.843578,0.694615,0.627145,-0.192496,0.138983,1.224620,0.688849,0.627145,0.843578,7,,,,,,peaked,1,1,debug
3.3668,pushUp,face,0.768342,0.716733,0.623436,-0.183383,0.180082,1.168735,0.657413,0.623436,0.768342,7,,,,,,peaked,1,1,debug
3.4002,pushUp,face,0.748336,0.726214,0.604346,-0.199929,0.183725,1.153419,0.648798,0.604346,0.748336,7,,,,,,peaked,1,1,debug
3.4335,pushUp,face,0.761417,0.736775,0.608974,-0.210726,0.179631,1.163456,0.654444,0.608974,0.761417,7,,,,,,peaked,1,1,debug
3.4668,pushUp,face,0.761903,0.744313,0.619507,-0.194378,0.185785,1.163828,0.654653,0.619507,0.761903,7,,,,,,peaked,1,1,debug
3.5002,pushUp,face,0.727921,0.739396,0.643856,-0.161242,0.182655,1.137577,0.639887,0.643856,0.727921,7,,,,,,peaked,1,1,debug
3.5335,pushUp,face,0.735766,0.738307,0.661622,-0.096513,0.160116,1.143691,0.643326,0.661622,0.735766,7,,,,,,peaked,1,1,debug
3.5668,pushUp,face,0.696837,0.725866,0.723490,-0.052570,0.169462,1.113024,0.626076,0.723490,0.696837,7,,,,,,peaked,1,1,debug
3.6002,pushUp,face,0.649478,0.702949,0.757772,0.006432,0.172110,1.074536,0.604426,0.757772,0.649478,7,,,,,,peaked,1,1,debug
3.6335,pushUp,face,0.564564,0.661434,0.795188,0.048969,0.196814,1.001833,0.563531,0.795188,0.564564,7,,,,,,peaked,1,1,debug
3.6668,pushUp,face,0.444478,0.596347,0.791804,0.112795,0.245158,0.888923,0.500019,0.791804,0.444478,7,,,,,,peaked,1,1,debug
3.7002,pushUp,face,0.412297,0.541132,0.798558,0.121338,0.259208,0.856138,0.481578,0.798558,0.412297,7,,,,,,peaked,1,1,debug
3.7335,pushUp,face,0.354361,0.485101,0.787785,0.146400,0.287364,0.793710,0.446462,0.787785,0.354361,7,,,,,,peaked,1,1,debug
3.7668,pushUp,face,0.317636,0.434862,0.821762,0.164048,0.304758,0.751457,0.422694,0.821762,0.317636,7,,,,,,peaked,1,1,debug
3.8002,pushUp,face,0.272190,0.386060,0.842592,0.185971,0.334004,0.695624,0.391289,0.842592,0.272190,7,,,,,,peaked,1,1,debug
3.8335,pushUp,face,0.242920,0.343118,0.867997,0.200513,0.344992,0.657159,0.369652,0.867997,0.242920,7,,,,,,peaked,1,1,debug
3.8668,pushUp,face,0.209042,0.302895,0.832095,0.213455,0.365121,0.609614,0.342908,0.832095,0.209042,7,,,,,,peaked,1,1,debug
3.9002,pushUp,face,0.201155,0.272373,0.869963,0.218416,0.369143,0.598004,0.336377,0.869963,0.201155,7,,,,,,peaked,1,1,debug
3.9335,pushUp,face,0.171652,0.242157,0.846927,0.227947,0.388840,0.552412,0.310732,0.846927,0.171652,7,,,,,,peaked,1,1,debug
3.9668,pushUp,face,0.164113,0.218744,0.877229,0.232825,0.395177,0.540145,0.303831,0.877229,0.164113,7,,,,,,peaked,1,1,debug
4.0002,pushUp,face,0.134625,0.193508,0.880563,0.253515,0.418049,0.489216,0.275184,0.880563,0.134625,7,,,,,,peaked,1,1,debug
4.0335,pushUp,face,0.127877,0.173819,0.883331,0.263673,0.429417,0.476799,0.268199,0.883331,0.127877,7,,,,,,peaked,1,1,debug
4.0669,pushUp,face,0.108264,0.154152,0.894318,0.274841,0.442167,0.438713,0.246776,0.894318,0.108264,7,,,,,rep,rest,1,2,debug
4.1002,pushUp,face,0.096979,0.137000,0.876115,0.300404,0.456925,0.415220,0.233561,0.876115,0.096979,7,,,,,,rest,1,2,debug
4.1335,pushUp,face,0.091369,0.123311,0.888567,0.305191,0.463045,0.403031,0.226705,0.888567,0.091369,7,,,,,,rest,1,2,debug
4.1669,pushUp,face,0.085677,0.112021,0.886641,0.306917,0.469887,0.390274,0.219529,0.886641,0.085677,7,,,,,,rest,1,2,debug
4.2002,pushUp,face,0.080235,0.102485,0.877508,0.319283,0.476600,0.377677,0.212444,0.877508,0.080235,7,,,,,,rest,1,2,debug
4.2335,pushUp,face,0.069844,0.092693,0.894591,0.329112,0.490915,0.352374,0.198210,0.894591,0.069844,7,,,,,,rest,1,2,debug
4.2669,pushUp,face,0.067249,0.085059,0.895682,0.337084,0.495570,0.345764,0.194492,0.895682,0.067249,7,,,,,,rest,1,2,debug
4.3002,pushUp,face,0.066161,0.079390,0.899761,0.336740,0.494336,0.342956,0.192913,0.899761,0.066161,7,,,,,,rest,1,2,debug
4.3335,pushUp,face,0.064181,0.074827,0.890488,0.340138,0.499247,0.337785,0.190004,0.890488,0.064181,7,,,,,,rest,1,2,debug
4.3669,pushUp,face,0.058070,0.069800,0.912960,0.348890,0.510741,0.321303,0.180733,0.912960,0.058070,7,,,,,,rest,1,2,debug
4.4002,pushUp,face,0.056068,0.065680,0.910014,0.352483,0.514153,0.315715,0.177590,0.910014,0.056068,7,,,,,,rest,1,2,debug
4.4335,pushUp,face,0.053830,0.062125,0.905172,0.359179,0.517331,0.309352,0.174010,0.905172,0.053830,7,,,,,,rest,1,2,debug
4.4669,pushUp,face,0.053873,0.059650,0.918824,0.366470,0.515949,0.309473,0.174079,0.918824,0.053873,7,,,,,,rest,1,2,debug
4.5002,pushUp,face,0.053262,0.057733,0.930705,0.368949,0.515827,0.307715,0.173090,0.930705,0.053262,7,,,,,,rest,1,2,debug
4.5335,pushUp,face,0.056179,0.057267,0.933847,0.366320,0.509433,0.316027,0.177765,0.933847,0.056179,7,,,,,,rest,1,2,debug
4.5669,pushUp,face,0.052742,0.055910,0.916963,0.373399,0.511778,0.306210,0.172243,0.916963,0.052742,7,,,,,,rest,1,2,debug
4.6002,pushUp,face,0.059565,0.057006,0.899761,0.360483,0.500203,0.325413,0.183045,0.899761,0.059565,7,,,,,,rest,1,2,debug
4.6335,pushUp,face,0.059939,0.057886,0.908403,0.362487,0.501399,0.326432,0.183618,0.908403,0.059939,7,,,,,,rest,1,2,debug
4.6669,pushUp,face,0.061266,0.058900,0.912960,0.363681,0.499468,0.330027,0.185640,0.912960,0.061266,7,,,,,,rest,1,2,debug
4.7002,pushUp,face,0.065715,0.060944,0.901117,0.358894,0.489999,0.341798,0.192261,0.901117,0.065715,7,,,,,,rest,1,2,debug
4.7336,pushUp,face,0.072939,0.064543,0.892679,0.348760,0.480314,0.360096,0.202554,0.892679,0.072939,7,,,,,,rest,1,2,debug
4.7669,pushUp,face,0.075746,0.067904,0.898132,0.345465,0.473661,0.366961,0.206415,0.898132,0.075746,7,,,,,,rest,1,2,debug
4.8002,pushUp,face,0.079566,0.071403,0.861786,0.343904,0.466781,0.376100,0.211556,0.861786,0.079566,7,,,,,,rest,1,2,debug
4.8336,pushUp,face,0.093979,0.078175,0.880840,0.330948,0.452760,0.408746,0.229919,0.880840,0.093979,7,,,,,,rest,1,2,debug
4.8669,pushUp,face,0.107445,0.086956,0.868840,0.318634,0.441245,0.437051,0.245841,0.868840,0.107445,7,,,,,,rest,1,2,debug
4.9002,pushUp,face,0.114856,0.095326,0.873883,0.309360,0.428367,0.451871,0.254178,0.873883,0.114856,7,,,,,,rest,1,2,debug
4.9336,pushUp,face,0.138077,0.108151,0.856672,0.290856,0.408076,0.495449,0.278690,0.856672,0.138077,7,,,,,,rest,1,2,debug
4.9669,pushUp,face,0.157776,0.123039,0.864897,0.273878,0.392002,0.529614,0.297908,0.864897,0.157776,7,,,,,,rest,1,2,debug
5.0002,pushUp,face,0.178751,0.139752,0.845773,0.253835,0.373432,0.563719,0.317092,0.845773,0.178751,7,,,,,,rest,1,2,debug
5.0336,pushUp,face,0.210201,0.160887,0.853817,0.240458,0.351987,0.611302,0.343857,0.853817,0.210201,7,,,,,,rest,1,2,debug
5.0669,pushUp,face,0.246077,0.186444,0.816696,0.215837,0.336654,0.661416,0.372046,0.816696,0.246077,7,,,,,,leaving,1,2,debug
5.1002,pushUp,face,0.285077,0.216034,0.822653,0.190588,0.315256,0.711901,0.400444,0.822653,0.285077,7,,,,,,leaving,1,2,debug
5.1336,pushUp,face,0.351242,0.256596,0.809791,0.137837,0.273784,0.790209,0.444493,0.809791,0.351242,7,,,,,,leaving,1,2,debug
5.1669,pushUp,face,0.400091,0.299645,0.808282,0.111602,0.268987,0.843370,0.474396,0.808282,0.400091,7,,,,,,leaving,1,2,debug
5.2002,pushUp,face,0.528159,0.368199,0.809188,0.042182,0.209975,0.968994,0.545059,0.809188,0.528159,7,,,,,,leaving,1,2,debug
5.2336,pushUp,face,0.640001,0.449740,0.749674,-0.008446,0.178776,1.066667,0.600000,0.749674,0.640001,7,,,,,,peaked,1,2,debug
5.2669,pushUp,face,0.776681,0.547822,0.681436,-0.088931,0.152559,1.175060,0.660971,0.681436,0.776681,7,,,,,,peaked,1,2,debug
5.3002,pushUp,face,0.736770,0.604507,0.619310,-0.169067,0.184101,1.144471,0.643765,0.619310,0.736770,7,,,,,,peaked,1,2,debug
5.3336,pushUp,face,0.872973,0.685046,0.581074,-0.218602,0.178865,1.245773,0.700747,0.581074,0.872973,7,,,,,,peaked,1,2,debug
5.3669,pushUp,face,,0.685046,0.000000,,,,,,,,,,,,,peaked,1,2,debug
5.4002,pushUp,face,,0.685046,0.000000,,,,,,,,,,,,,peaked,1,2,debug
5.4336,pushUp,face,,0.685046,0.000000,,,,,,,,,,,,,peaked,1,2,debug
5.4669,pushUp,face,,0.685046,0.000000,,,,,,,,,,,,,peaked,1,2,debug
5.5003,pushUp,face,,0.685046,0.000000,,,,,,,,,,,,,peaked,1,2,debug
5.5336,pushUp,face,,0.685046,0.000000,,,,,,,,,,,,,peaked,1,2,debug
5.5669,pushUp,face,0.819480,0.725376,0.587134,-0.193622,0.180938,1.207001,0.678938,0.587134,0.819480,7,,,,,,peaked,1,2,debug
5.6003,pushUp,face,0.842803,0.760604,0.680181,-0.136291,0.160048,1.224057,0.688532,0.680181,0.842803,7,,,,,,peaked,1,2,debug
5.6336,pushUp,face,0.710459,0.745561,0.757772,-0.039286,0.175542,1.123850,0.632166,0.757772,0.710459,7,,,,,,peaked,1,2,debug
5.6669,pushUp,face,0.593611,0.699976,0.797641,0.036711,0.202054,1.027282,0.577846,0.797641,0.593611,7,,,,,,peaked,1,2,debug
5.7003,pushUp,face,0.529896,0.648952,0.789333,0.066754,0.214243,0.970586,0.545955,0.789333,0.529896,7,,,,,,peaked,1,2,debug
5.7336,pushUp,face,0.378008,0.567669,0.827683,0.155051,0.281512,0.819764,0.461118,0.827683,0.378008,7,,,,,,peaked,1,2,debug
5.7669,pushUp,face,0.367353,0.507574,0.822653,0.165428,0.281926,0.808128,0.454572,0.822653,0.367353,7,,,,,,peaked,1,2,debug
5.8003,pushUp,face,0.301231,0.445671,0.866307,0.210535,0.306474,0.731794,0.411634,0.866307,0.301231,7,,,,,,peaked,1,2,debug
5.8336,pushUp,face,0.253362,0.387978,0.855816,0.235814,0.328729,0.671134,0.377513,0.855816,0.253362,7,,,,,,peaked,1,2,debug
5.8669,pushUp,face,0.208415,0.334109,0.871645,0.264189,0.352549,0.608700,0.342394,0.871645,0.208415,7,,,,,,peaked,1,2,debug
5.9003,pushUp,face,0.194055,0.292093,0.878620,0.276210,0.358209,0.587356,0.330388,0.878620,0.194055,7,,,,,,peaked,1,2,debug
5.9336,pushUp,face,0.171922,0.256042,0.859801,0.293768,0.374594,0.552846,0.310976,0.859801,0.171922,7,,,,,,peaked,1,2,debug
5.9669,pushUp,face,0.150743,0.224452,0.882778,0.305939,0.391074,0.517675,0.291192,0.882778,0.150743,7,,,,,,peaked,1,2,debug
6.0003,pushUp,face,0.131866,0.196676,0.857811,0.319114,0.408027,0.484178,0.272350,0.857811,0.131866,7,,,,,,peaked,1,2,debug
6.0336,pushUp,face,0.116952,0.172759,0.864897,0.331402,0.423124,0.455976,0.256487,0.864897,0.116952,7,,,,,,peaked,1,2,debug
6.0669,pushUp,face,0.101516,0.151386,0.836485,0.344261,0.440320,0.424820,0.238961,0.836485,0.101516,7,,,,,rep,rest,1,3,debug
6.1003,pushUp,face,0.092810,0.133813,0.867152,0.352623,0.446775,0.406196,0.228485,0.867152,0.092810,7,,,,,,rest,1,3,debug
6.1336,pushUp,face,0.088991,0.120366,0.863767,0.350279,0.458637,0.397751,0.223735,0.863767,0.088991,7,,,,,,rest,1,3,debug
6.1670,pushUp,face,0.074650,0.106651,0.905711,0.362873,0.475598,0.364295,0.204916,0.905711,0.074650,7,,,,,,rest,1,3,debug
6.2003,pushUp,face,0.073074,0.096578,0.884160,0.370510,0.483586,0.360430,0.202742,0.884160,0.073074,7,,,,,,rest,1,3,debug
6.2336,pushUp,face,0.067310,0.087798,0.906519,0.376126,0.498149,0.345921,0.194581,0.906519,0.067310,7,,,,,,rest,1,3,debug
6.2670,pushUp,face,0.062582,0.080233,0.886366,0.377374,0.505390,0.333551,0.187623,0.886366,0.062582,7,,,,,,rest,1,3,debug
6.3003,pushUp,face,0.060104,0.074194,0.901117,0.382487,0.509847,0.326882,0.183871,0.901117,0.060104,7,,,,,,rest,1,3,debug
6.3336,pushUp,face,0.058637,0.069527,0.908671,0.385719,0.516778,0.322868,0.181613,0.908671,0.058637,7,,,,,,rest,1,3,debug
6.3670,pushUp,face,0.056070,0.065490,0.878064,0.386983,0.524743,0.315722,0.177594,0.878064,0.056070,7,,,,,,rest,1,3,debug
6.4003,pushUp,face,0.055366,0.062453,0.890488,0.383438,0.528190,0.313732,0.176474,0.890488,0.055366,7,,,,,,rest,1,3,debug
6.4336,pushUp,face,0.052789,0.059554,0.899761,0.390109,0.529854,0.306346,0.172320,0.899761,0.052789,7,,,,,,rest,1,3,debug
6.4670,pushUp,face,0.052506,0.057439,0.901388,0.389664,0.529071,0.305522,0.171856,0.901388,0.052506,7,,,,,,rest,1,3,debug
6.5003,pushUp,face,0.052403,0.055928,0.905711,0.389196,0.528259,0.305221,0.171687,0.905711,0.052403,7,,,,,,rest,1,3,debug
6.5336,pushUp,face,0.053556,0.055217,0.903822,0.388520,0.524036,0.308562,0.173566,0.903822,0.053556,7,,,,,,rest,1,3,debug
6.5670,pushUp,face,0.052114,0.054286,0.902471,0.394191,0.525620,0.304380,0.171214,0.902471,0.052114,7,,,,,,rest,1,3,debug
6.6003,pushUp,face,0.054988,0.054496,0.911086,0.389989,0.524941,0.312661,0.175872,0.911086,0.054988,7,,,,,,rest,1,3,debug
6.6336,pushUp,face,0.055710,0.054861,0.898132,0.389833,0.523442,0.314708,0.177023,0.898132,0.055710,7,,,,,,rest,1,3,debug
6.6670,pushUp,face,0.059475,0.056245,0.896772,0.391419,0.521547,0.325166,0.182906,0.896772,0.059475,7,,,,,,rest,1,3,debug
6.7003,pushUp,face,0.060171,0.057423,0.908940,0.391672,0.515790,0.327063,0.183973,0.908940,0.060171,7,,,,,,rest,1,3,debug
6.7336,pushUp,face,0.065897,0.059965,0.911890,0.387200,0.503896,0.342271,0.192528,0.911890,0.065897,7,,,,,,rest,1,3,debug
6.7670,pushUp,face,0.067815,0.062320,0.878620,0.387294,0.501068,0.347217,0.195310,0.878620,0.067815,7,,,,,,rest,1,3,debug
6.8003,pushUp,face,0.077735,0.066944,0.860652,0.371517,0.493200,0.371746,0.209107,0.860652,0.077735,7,,,,,,rest,1,3,debug
6.8336,pushUp,face,0.076115,0.069695,0.876951,0.375639,0.490144,0.367852,0.206917,0.876951,0.076115,7,,,,,,rest,1,3,debug
6.8670,pushUp,face,0.080668,0.072987,0.875279,0.368481,0.483545,0.378694,0.213015,0.875279,0.080668,7,,,,,,rest,1,3,debug
6.9003,pushUp,face,0.093241,0.079063,0.854103,0.358512,0.470643,0.407138,0.229015,0.854103,0.093241,7,,,,,,rest,1,3,debug
6.9337,pushUp,face,0.102590,0.086121,0.867715,0.349391,0.463594,0.427063,0.240223,0.867715,0.102590,7,,,,,,rest,1,3,debug
6.9670,pushUp,face,0.123441,0.097317,0.869682,0.327904,0.442707,0.468455,0.263506,0.869682,0.123441,7,,,,,,rest,1,3,debug
7.0003,pushUp,face,0.136200,0.108982,0.859517,0.321913,0.433420,0.492071,0.276790,0.859517,0.136200,7,,,,,,rest,1,3,debug
7.0337,pushUp,face,0.150576,0.121460,0.858380,0.314407,0.427833,0.517388,0.291031,0.858380,0.150576,7,,,,,,rest,1,3,debug
7.0670,pushUp,face,0.188906,0.141694,0.871645,0.281221,0.399828,0.579510,0.325975,0.871645,0.188906,7,,,,,,rest,1,3,debug
7.1003,pushUp,face,0.210509,0.162338,0.834147,0.269719,0.393161,0.611750,0.344109,0.834147,0.210509,7,,,,,,leaving,1,3,debug
7.1337,pushUp,face,0.248171,0.188088,0.833268,0.250392,0.366544,0.664224,0.373626,0.833268,0.248171,7,,,,,,leaving,1,3,debug
7.1670,pushUp,face,0.285373,0.217273,0.827683,0.240749,0.351396,0.712270,0.400652,0.827683,0.285373,7,,,,,,leaving,1,3,debug
7.2003,pushUp,face,0.344984,0.255587,0.802523,0.215393,0.325915,0.783137,0.440515,0.802523,0.344984,7,,,,,,leaving,1,3,debug
7.2337,pushUp,face,0.469516,0.319765,0.786855,0.137286,0.279941,0.913616,0.513909,0.786855,0.469516,7,,,,,,leaving,1,3,debug
7.2670,pushUp,face,0.521824,0.380383,0.792112,0.125503,0.258270,0.963165,0.541780,0.792112,0.521824,7,,,,,,peaked,1,3,debug
7.3003,pushUp,face,0.567918,0.436643,0.765466,0.049174,0.237482,1.004804,0.565202,0.765466,0.567918,7,,,,,,peaked,1,3,debug
7.3337,pushUp,face,0.648283,0.500135,0.663833,-0.047701,0.230894,1.073547,0.603870,0.663833,0.648283,7,,,,,,peaked,1,3,debug
7.3670,pushUp,face,,0.500135,0.000000,,,,,,,,,,,,,peaked,1,3,debug
7.4003,pushUp,face,,0.500135,0.000000,,,,,,,,,,,,,peaked,1,3,debug
7.4337,pushUp,face,,0.500135,0.000000,,,,,,,,,,,,,peaked,1,3,debug
7.4670,pushUp,face,,0.500135,0.000000,,,,,,,,,,,,,peaked,1,3,debug
7.5003,pushUp,face,,0.500135,0.000000,,,,,,,,,,,,,peaked,1,3,debug
7.5337,pushUp,face,,0.500135,0.000000,,,,,,,,,,,,,peaked,1,3,debug
7.5670,pushUp,face,,0.500135,0.000000,,,,,,,,,,,,,peaked,1,3,debug
7.6003,pushUp,face,,0.500135,0.000000,,,,,,,,,,,,,peaked,1,3,debug
7.6337,pushUp,face,0.819309,0.595887,0.582542,-0.199937,0.248164,1.206876,0.678868,0.582542,0.819309,7,,,,,,peaked,1,3,debug
7.6670,pushUp,face,0.775861,0.649880,0.620688,-0.111619,0.236897,1.174440,0.660622,0.620688,0.775861,7,,,,,,peaked,1,3,debug
7.7004,pushUp,face,0.878819,0.718561,0.692630,-0.102706,0.163239,1.249938,0.703090,0.692630,0.878819,7,,,,,,peaked,1,3,debug
7.7337,pushUp,face,0.749382,0.727808,0.766103,-0.054854,0.170093,1.154225,0.649251,0.766103,0.749382,7,,,,,,peaked,1,3,debug
7.7670,pushUp,face,0.545340,0.673067,0.788714,0.023608,0.238481,0.984629,0.553854,0.788714,0.545340,7,,,,,,peaked,1,3,debug
7.8004,pushUp,face,0.423930,0.598326,0.794881,0.072151,0.284654,0.868132,0.488324,0.794881,0.423930,7,,,,,,peaked,1,3,debug
7.8337,pushUp,face,0.404701,0.540239,0.813101,0.076576,0.283593,0.848215,0.477121,0.813101,0.404701,7,,,,,,peaked,1,3,debug
7.8670,pushUp,face,0.345958,0.481954,0.838817,0.108804,0.308388,0.784243,0.441137,0.838817,0.345958,7,,,,,,peaked,1,3,debug
7.9004,pushUp,face,0.285390,0.422985,0.847791,0.139336,0.343993,0.712292,0.400664,0.847791,0.285390,7,,,,,,peaked,1,3,debug
7.9337,pushUp,face,0.269195,0.376848,0.850092,0.155725,0.341901,0.691787,0.389130,0.850092,0.269195,7,,,,,,peaked,1,3,debug
7.9670,pushUp,face,0.226165,0.331643,0.852959,0.192454,0.364779,0.634090,0.356676,0.852959,0.226165,7,,,,,,peaked,1,3,debug
8.0004,pushUp,face,0.196406,0.291072,0.855531,0.227005,0.378722,0.590902,0.332383,0.855531,0.196406,7,,,,,,peaked,1,3,debug
8.0337,pushUp,face,0.183706,0.258862,0.879453,0.241454,0.387099,0.571479,0.321457,0.879453,0.183706,7,,,,,,peaked,1,3,debug
8.0670,pushUp,face,0.159018,0.228909,0.857811,0.263823,0.408617,0.531694,0.299078,0.857811,0.159018,7,,,,,,peaked,1,3,debug
8.1004,pushUp,face,0.149502,0.205087,0.882501,0.268610,0.414912,0.515539,0.289991,0.882501,0.149502,7,,,,,,peaked,1,3,debug
8.1337,pushUp,face,0.133966,0.183750,0.883607,0.282243,0.426953,0.488017,0.274510,0.883607,0.133966,7,,,,,,peaked,1,3,debug
8.1670,pushUp,face,0.122098,0.165255,0.872765,0.288120,0.433696,0.465901,0.262069,0.872765,0.122098,7,,,,,,peaked,1,3,debug
8.2004,pushUp,face,0.109807,0.148620,0.852673,0.296518,0.444424,0.441828,0.248528,0.852673,0.109807,7,,,,,rep,rest,1,4,debug
8.2337,pushUp,face,0.104153,0.135280,0.876673,0.300077,0.451726,0.430303,0.242045,0.876673,0.104153,7,,,,,,rest,1,4,debug
8.2670,pushUp,face,0.095745,0.123420,0.881117,0.306846,0.459629,0.412569,0.232070,0.881117,0.095745,7,,,,,,rest,1,4,debug
8.3004,pushUp,face,0.086693,0.112401,0.885263,0.308422,0.468220,0.392582,0.220827,0.885263,0.086693,7,,,,,,rest,1,4,debug
8.3337,pushUp,face,0.079973,0.102673,0.875000,0.316923,0.479725,0.377060,0.212096,0.875000,0.079973,7,,,,,,rest,1,4,debug
8.3671,pushUp,face,0.069004,0.092572,0.901929,0.321766,0.490344,0.350249,0.197015,0.901929,0.069004,7,,,,,,rest,1,4,debug
8.4004,pushUp,face,0.064710,0.084214,0.913495,0.325969,0.494991,0.339175,0.190786,0.913495,0.064710,7,,,,,,rest,1,4,debug
8.4337,pushUp,face,0.066662,0.078948,0.915897,0.326288,0.492603,0.344252,0.193642,0.915897,0.066662,7,,,,,,rest,1,4,debug
8.4671,pushUp,face,0.063337,0.074265,0.905981,0.322811,0.499910,0.335559,0.188752,0.905981,0.063337,7,,,,,,rest,1,4,debug
8.5004,pushUp,face,0.061946,0.070569,0.911890,0.327453,0.501577,0.331853,0.186667,0.911890,0.061946,7,,,,,,rest,1,4,debug
8.5337,pushUp,face,0.059796,0.067337,0.930442,0.334769,0.506969,0.326043,0.183399,0.930442,0.059796,7,,,,,,rest,1,4,debug
8.5671,pushUp,face,0.058009,0.064539,0.934370,0.340211,0.510031,0.321134,0.180638,0.934370,0.058009,7,,,,,,rest,1,4,debug
8.6004,pushUp,face,0.058067,0.062597,0.914029,0.340933,0.514698,0.321295,0.180729,0.914029,0.058067,7,,,,,,rest,1,4,debug
8.6337,pushUp,face,0.053256,0.059795,0.907327,0.348511,0.522711,0.307697,0.173080,0.907327,0.053256,7,,,,,,rest,1,4,debug
8.6671,pushUp,face,0.055113,0.058390,0.925971,0.346196,0.526183,0.313014,0.176070,0.925971,0.055113,7,,,,,,rest,1,4,debug
8.7004,pushUp,face,0.056263,0.057752,0.922007,0.341955,0.528330,0.316265,0.177899,0.922007,0.056263,7,,,,,,rest,1,4,debug
8.7337,pushUp,face,0.059509,0.058279,0.900575,0.338375,0.529479,0.325259,0.182958,0.900575,0.059509,7,,,,,,rest,1,4,debug
8.7671,pushUp,face,0.056275,0.057678,0.920417,0.339539,0.535278,0.316299,0.177918,0.920417,0.056275,7,,,,,,rest,1,4,debug
8.8004,pushUp,face,0.056433,0.057305,0.923859,0.343055,0.538199,0.316742,0.178168,0.923859,0.056433,7,,,,,,rest,1,4,debug
8.8337,pushUp,face,0.058472,0.057655,0.895682,0.338401,0.545536,0.322412,0.181357,0.895682,0.058472,7,,,,,,rest,1,4,debug
8.8671,pushUp,face,0.058824,0.058005,0.907865,0.336665,0.548444,0.323383,0.181903,0.907865,0.058824,7,,,,,,rest,1,4,debug
8.9004,pushUp,face,0.059222,0.058370,0.918293,0.334654,0.552441,0.324475,0.182517,0.918293,0.059222,7,,,,,,rest,1,4,debug
8.9337,pushUp,face,0.057047,0.057973,0.921478,0.337553,0.555979,0.318459,0.179133,0.921478,0.057047,7,,,,,,rest,1,4,debug
8.9671,pushUp,face,0.053997,0.056780,0.922537,0.343453,0.558011,0.309830,0.174279,0.922537,0.053997,7,,,,,,rest,1,4,debug
9.0004,pushUp,face,0.061035,0.058057,0.918559,0.335528,0.551184,0.329403,0.185289,0.918559,0.061035,7,,,,,,rest,1,4,debug
9.0337,pushUp,face,0.054331,0.056939,0.906789,0.342956,0.556876,0.310787,0.174818,0.906789,0.054331,7,,,,,,rest,1,4,debug
9.0671,pushUp,face,0.057174,0.057009,0.896499,0.336041,0.552446,0.318813,0.179333,0.896499,0.057174,7,,,,,,rest,1,4,debug
9.1004,pushUp,face,0.049940,0.054889,0.906250,0.349077,0.548648,0.297963,0.167604,0.906250,0.049940,7,,,,,,rest,1,4,debug
9.1338,pushUp,face,0.053088,0.054348,0.907058,0.342255,0.542696,0.307211,0.172806,0.907058,0.053088,7,,,,,,rest,1,4,debug
9.1671,pushUp,face,0.060162,0.056092,0.905981,0.337318,0.534059,0.327039,0.183960,0.905981,0.060162,7,,,,,,rest,1,4,debug
9.2004,pushUp,face,0.058660,0.056863,0.906519,0.334328,0.533351,0.322930,0.181648,0.906519,0.058660,7,,,,,,rest,1,4,debug
9.2338,pushUp,face,0.057310,0.056997,0.907058,0.342972,0.539318,0.319194,0.179547,0.907058,0.057310,7,,,,,,rest,1,4,debug
9.2671,pushUp,face,0.059855,0.057854,0.918824,0.342686,0.537977,0.326204,0.183490,0.918824,0.059855,7,,,,,,rest,1,4,debug
9.3004,pushUp,face,0.052975,0.056390,0.920417,0.353094,0.542083,0.306883,0.172622,0.920417,0.052975,7,,,,,,rest,1,4,debug
9.3338,pushUp,face,0.055982,0.056268,0.915630,0.350596,0.540284,0.315472,0.177453,0.915630,0.055982,7,,,,,,rest,1,4,debug
9.3671,pushUp,face,0.053000,0.055288,0.901388,0.358317,0.546512,0.306957,0.172663,0.901388,0.053000,7,,,,,,rest,1,4,debug
9.4004,pushUp,face,0.053675,0.054804,0.894045,0.363969,0.549384,0.308904,0.173758,0.894045,0.053675,7,,,,,,rest,1,4,debug
9.4338,pushUp,face,0.053991,0.054560,0.891584,0.366886,0.551046,0.309814,0.174270,0.891584,0.053991,7,,,,,,rest,1,4,debug
9.4671,pushUp,face,0.053767,0.054322,0.895409,0.375489,0.559781,0.309170,0.173908,0.895409,0.053767,7,,,,,,rest,1,4,debug
9.5004,pushUp,face,0.059918,0.056001,0.889391,0.381839,0.552772,0.326375,0.183586,0.889391,0.059918,7,,,,,,rest,1,4,debug
9.5338,pushUp,face,0.060579,0.057374,0.912157,0.386771,0.552897,0.328172,0.184597,0.912157,0.060579,7,,,,,,rest,1,4,debug
9.5671,pushUp,face,0.053785,0.056298,0.890488,0.399260,0.566952,0.309222,0.173937,0.890488,0.053785,7,,,,,,rest,1,4,debug
9.6004,pushUp,face,0.057708,0.056721,0.898675,0.412780,0.562456,0.320300,0.180169,0.898675,0.057708,7,,,,,,rest,1,4,debug
9.6338,pushUp,face,0.058655,0.057301,0.862070,0.430374,0.562430,0.322917,0.181641,0.862070,0.058655,7,,,,,,rest,1,4,debug
9.6671,pushUp,face,0.053124,0.056048,0.913495,0.444078,0.575055,0.307315,0.172865,0.913495,0.053124,7,,,,,,rest,1,4,debug
9.7004,pushUp,face,0.053678,0.055337,0.889665,0.447829,0.576355,0.308912,0.173763,0.889665,0.053678,7,,,,,,rest,1,4,debug
9.7338,pushUp,face,0.057337,0.055937,0.906250,0.462020,0.570579,0.319268,0.179588,0.906250,0.057337,7,,,,,,rest,1,4,debug
9.7671,pushUp,face,0.059701,0.057066,0.881948,0.474026,0.572467,0.325783,0.183253,0.881948,0.059701,7,,,,,,rest,1,4,debug
9.8004,pushUp,face,0.056901,0.057016,0.876394,0.486226,0.577622,0.318053,0.178905,0.876394,0.056901,7,,,,,,rest,1,4,debug
9.8338,pushUp,face,0.052181,0.055566,0.904362,0.495562,0.585114,0.304574,0.171323,0.904362,0.052181,7,,,,,,rest,1,4,debug
9.8671,pushUp,face,0.052788,0.054733,0.897588,0.496000,0.590115,0.306343,0.172318,0.897588,0.052788,7,,,,,,rest,1,4,debug
9.9005,pushUp,face,0.056558,0.055280,0.886090,0.498855,0.584929,0.317093,0.178365,0.886090,0.056558,7,,,,,,rest,1,4,debug
9.9338,pushUp,face,0.056964,0.055785,0.885263,0.503741,0.589557,0.318229,0.179004,0.885263,0.056964,7,,,,,,rest,1,4,debug
9.9671,pushUp,face,0.056426,0.055977,0.887742,0.508343,0.590221,0.316721,0.178155,0.887742,0.056426,7,,,,,,rest,1,4,debug
10.0005,pushUp,face,0.054038,0.055396,0.911086,0.513246,0.599095,0.309948,0.174346,0.911086,0.054038,7,,,,,,rest,1,4,debug
10.0338,pushUp,face,0.055329,0.055376,0.905172,0.504541,0.598633,0.313628,0.176416,0.905172,0.055329,7,,,,,,rest,1,4,debug
10.0671,pushUp,face,0.054538,0.055124,0.903822,0.508544,0.599782,0.311379,0.175151,0.903822,0.054538,7,,,,,,rest,1,4,debug
10.1005,pushUp,face,0.057452,0.055823,0.894045,0.503160,0.598992,0.319589,0.179769,0.894045,0.057452,7,,,,,,rest,1,4,debug
10.1338,pushUp,face,0.055359,0.055684,0.881117,0.509063,0.603877,0.313714,0.176464,0.881117,0.055359,7,,,,,,rest,1,4,debug
10.1671,pushUp,face,0.053073,0.054901,0.905981,0.511426,0.614017,0.307168,0.172782,0.905981,0.053073,7,,,,,,rest,1,4,debug
10.2005,pushUp,face,0.048391,0.052948,0.909745,0.511828,0.619700,0.293305,0.164984,0.909745,0.048391,7,,,,,,rest,1,4,debug
10.2338,pushUp,face,0.056287,0.053950,0.906789,0.509334,0.616437,0.316333,0.177937,0.906789,0.056287,7,,,,,,rest,1,4,debug
10.2671,pushUp,face,0.058501,0.055315,0.908403,0.506522,0.609025,0.322492,0.181402,0.908403,0.058501,7,,,,,,rest,1,4,debug
10.3005,pushUp,face,0.060493,0.056868,0.905981,0.510082,0.610654,0.327938,0.184465,0.905981,0.060493,7,,,,,,rest,1,4,debug
10.3338,pushUp,face,0.057792,0.057145,0.905172,0.512617,0.614400,0.320532,0.180299,0.905172,0.057792,7,,,,,,rest,1,4,debug
10.3671,pushUp,face,0.058675,0.057604,0.902200,0.514635,0.615344,0.322972,0.181672,0.902200,0.058675,7,,,,,,rest,1,4,debug
10.4005,pushUp,face,0.058904,0.057994,0.895682,0.511511,0.613374,0.323602,0.182026,0.895682,0.058904,7,,,,,,rest,1,4,debug
10.4338,pushUp,face,0.057814,0.057940,0.892679,0.514684,0.615971,0.320593,0.180333,0.892679,0.057814,7,,,,,,rest,1,4,debug
10.4671,pushUp,face,0.053461,0.056596,0.891036,0.520923,0.621838,0.308290,0.173413,0.891036,0.053461,7,,,,,,rest,1,4,debug
10.5005,pushUp,face,0.061961,0.058206,0.891036,0.510895,0.609847,0.331894,0.186690,0.891036,0.061961,7,,,,,,rest,1,4,debug
10.5338,pushUp,face,0.061882,0.059309,0.892405,0.509669,0.609876,0.331682,0.186571,0.892405,0.061882,7,,,,,,rest,1,4,debug
10.5672,pushUp,face,0.061350,0.059921,0.890762,0.512114,0.607789,0.330252,0.185767,0.890762,0.061350,7,,,,,,rest,1,4,debug
10.6005,pushUp,face,0.061027,0.060253,0.889665,0.511493,0.609326,0.329381,0.185277,0.889665,0.061027,7,,,,,,rest,1,4,debug
10.6338,pushUp,face,0.061084,0.060502,0.888017,0.514287,0.607593,0.329537,0.185364,0.888017,0.061084,7,,,,,,rest,1,4,debug
10.6672,pushUp,face,0.057876,0.059714,0.882501,0.520702,0.609418,0.320766,0.180431,0.882501,0.057876,7,,,,,,rest,1,4,debug
10.7005,pushUp,face,0.057675,0.059103,0.884436,0.521275,0.610722,0.320208,0.180117,0.884436,0.057675,7,,,,,,rest,1,4,debug
10.7338,pushUp,face,0.061393,0.059790,0.880563,0.518509,0.606579,0.330367,0.185832,0.880563,0.061393,7,,,,,,rest,1,4,debug
10.7672,pushUp,face,0.061582,0.060327,0.884712,0.519983,0.605250,0.330876,0.186118,0.884712,0.061582,7,,,,,,rest,1,4,debug
10.8005,pushUp,face,0.060980,0.060523,0.888292,0.522524,0.602997,0.329255,0.185206,0.888292,0.060980,7,,,,,,rest,1,4,debug
